epoch,step,loss
0,0,16.427032470703125
0,1,16.412208557128906
0,2,16.348987579345703
0,3,16.298755645751953
0,4,16.203672409057617
0,5,16.167648315429688
0,6,16.115121841430664
0,7,16.02739906311035
0,8,16.036508560180664
0,9,15.95649528503418
0,10,15.909485816955566
0,11,15.895247459411621
0,12,15.838132858276367
0,13,15.765154838562012
0,14,15.722657203674316
0,15,15.725713729858398
0,16,15.687959671020508
0,17,15.61196231842041
0,18,15.633357048034668
0,19,15.574769973754883
0,20,15.531585693359375
0,21,15.511850357055664
0,22,15.475799560546875
0,23,15.46299934387207
0,24,15.42084789276123
0,25,15.419768333435059
0,26,15.371129035949707
0,27,15.324827194213867
0,28,15.331108093261719
0,29,15.324530601501465
0,30,15.27933120727539
0,31,15.226280212402344
0,32,15.221001625061035
0,33,15.200822830200195
0,34,15.14788818359375
0,35,15.14621353149414
0,36,15.134017944335938
0,37,15.047933578491211
0,38,15.028572082519531
0,39,15.017589569091797
0,40,15.010202407836914
0,41,14.991479873657227
0,42,14.988012313842773
0,43,14.932716369628906
0,44,14.931778907775879
0,45,14.940279006958008
0,46,14.80716323852539
0,47,14.815361022949219
0,48,14.841509819030762
0,49,14.847955703735352
0,50,14.837738037109375
0,51,14.750697135925293
0,52,14.721360206604004
0,53,14.791839599609375
0,54,14.749090194702148
0,55,14.643892288208008
0,56,14.729227066040039
0,57,14.633235931396484
0,58,14.581724166870117
0,59,14.57480239868164
0,60,14.60920524597168
0,61,14.560678482055664
0,62,14.55930233001709
0,63,14.531408309936523
0,64,14.529014587402344
0,65,14.462305068969727
0,66,14.423819541931152
0,67,14.46705436706543
0,68,14.401119232177734
0,69,14.40242862701416
0,70,14.36171817779541
0,71,14.317643165588379
0,72,14.273134231567383
0,73,14.275299072265625
0,74,14.241704940795898
0,75,14.189424514770508
0,76,14.17654037475586
0,77,14.114874839782715
0,78,14.1355619430542
0,79,14.141073226928711
0,80,14.083646774291992
0,81,14.122611999511719
0,82,14.037613868713379
0,83,13.988288879394531
0,84,14.035299301147461
0,85,14.019844055175781
0,86,14.041080474853516
0,87,14.005809783935547
0,88,13.976601600646973
0,89,13.948897361755371
0,90,13.948524475097656
0,91,13.922584533691406
0,92,13.873823165893555
0,93,13.86294937133789
0,94,13.887720108032227
0,95,14.076147079467773
0,96,13.852787017822266
0,97,13.815007209777832
0,98,13.778329849243164
0,99,13.79056167602539
0,100,13.791152954101562
0,101,13.812154769897461
0,102,13.81909465789795
0,103,13.754781723022461
0,104,13.729024887084961
0,105,13.748405456542969
0,106,13.671761512756348
0,107,13.691230773925781
0,108,13.726871490478516
0,109,13.633379936218262
0,110,13.68925666809082
0,111,13.65890121459961
0,112,13.703102111816406
0,113,13.645317077636719
0,114,13.641416549682617
0,115,13.626192092895508
0,116,13.586873054504395
0,117,13.610129356384277
0,118,13.539308547973633
0,119,13.607048034667969
0,120,13.594377517700195
0,121,13.517297744750977
0,122,13.530946731567383
0,123,13.533798217773438
0,124,13.472386360168457
0,125,13.521547317504883
0,126,13.558216094970703
0,127,13.502828598022461
0,128,13.473308563232422
0,129,13.532950401306152
0,130,13.524978637695312
0,131,13.478918075561523
0,132,13.430505752563477
0,133,13.48668098449707
0,134,13.52180004119873
0,135,13.452916145324707
0,136,13.411426544189453
0,137,13.41455078125
0,138,13.486288070678711
0,139,13.45359992980957
0,140,13.383386611938477
0,141,13.418985366821289
0,142,13.375089645385742
0,143,13.34535026550293
0,144,13.359478950500488
0,145,13.389298439025879
0,146,13.337798118591309
0,147,13.356147766113281
0,148,13.32552433013916
0,149,13.327939987182617
0,150,13.341869354248047
0,151,13.292316436767578
0,152,13.322090148925781
0,153,13.303203582763672
0,154,13.298053741455078
0,155,13.287574768066406
0,156,13.401525497436523
0,157,13.29361343383789
0,158,13.387566566467285
0,159,13.27806568145752
0,160,13.307112693786621
0,161,13.284732818603516
0,162,13.223318099975586
0,163,13.219742774963379
0,164,13.251265525817871
0,165,13.294560432434082
0,166,13.25680160522461
0,167,13.324475288391113
0,168,13.279614448547363
0,169,13.254799842834473
0,170,13.243680953979492
0,171,13.163492202758789
0,172,13.35053825378418
0,173,13.246602058410645
0,174,13.190505981445312
0,175,13.187765121459961
0,176,13.260984420776367
0,177,13.232867240905762
0,178,13.244477272033691
0,179,13.199092864990234
0,180,13.154324531555176
0,181,13.181230545043945
0,182,13.193889617919922
0,183,13.127782821655273
0,184,13.183622360229492
0,185,13.152656555175781
0,186,13.155357360839844
0,187,13.089557647705078
0,188,13.135433197021484
0,189,13.156946182250977
0,190,13.090574264526367
0,191,13.210091590881348
0,192,13.096870422363281
0,193,13.141393661499023
0,194,13.159646034240723
0,195,13.077013969421387
0,196,13.089643478393555
0,197,13.04595947265625
0,198,13.076045989990234
0,199,13.136602401733398
0,200,13.058828353881836
0,201,13.109322547912598
0,202,13.079106330871582
0,203,13.051401138305664
0,204,13.091367721557617
0,205,13.082358360290527
0,206,13.039471626281738
0,207,13.10641098022461
0,208,13.028599739074707
0,209,13.027505874633789
0,210,13.004758834838867
0,211,13.005026817321777
0,212,12.985275268554688
0,213,13.040921211242676
0,214,13.078042030334473
0,215,13.006477355957031
0,216,12.9605712890625
0,217,13.042762756347656
0,218,12.983540534973145
0,219,12.97247314453125
0,220,13.004989624023438
0,221,12.96258544921875
0,222,13.015676498413086
0,223,12.987988471984863
0,224,12.995359420776367
0,225,12.958894729614258
0,226,12.915414810180664
0,227,12.939316749572754
0,228,12.966682434082031
0,229,12.92875862121582
0,230,12.922367095947266
0,231,12.925701141357422
0,232,12.929272651672363
0,233,12.979202270507812
0,234,12.921792030334473
0,235,12.914392471313477
0,236,12.909880638122559
0,237,12.874826431274414
0,238,12.853084564208984
0,239,12.90892505645752
0,240,12.881340026855469
0,241,12.865188598632812
0,242,12.798295974731445
0,243,12.86768913269043
0,244,12.878419876098633
0,245,12.86166763305664
0,246,12.863409996032715
0,247,13.762526512145996
0,248,12.862293243408203
0,249,12.920099258422852
0,250,13.002525329589844
0,251,12.874128341674805
0,252,12.828437805175781
0,253,12.868526458740234
0,254,12.848678588867188
0,255,12.882396697998047
0,256,12.908000946044922
0,257,12.898287773132324
0,258,12.853874206542969
0,259,12.845174789428711
0,260,12.78873062133789
0,261,12.850006103515625
0,262,12.840072631835938
0,263,12.81627082824707
0,264,12.787923812866211
0,265,12.861751556396484
0,266,12.812929153442383
0,267,12.753116607666016
0,268,12.771379470825195
0,269,12.860265731811523
0,270,12.82279109954834
0,271,12.782400131225586
0,272,12.747703552246094
0,273,12.783761978149414
0,274,12.745061874389648
0,275,12.788938522338867
0,276,12.748010635375977
0,277,12.761871337890625
0,278,12.765192031860352
0,279,12.731088638305664
0,280,12.779314041137695
0,281,12.731712341308594
0,282,12.736455917358398
0,283,12.726090431213379
0,284,12.68709945678711
0,285,12.71580982208252
0,286,12.715729713439941
0,287,12.722468376159668
0,288,12.688264846801758
0,289,12.687609672546387
0,290,12.710884094238281
0,291,12.707782745361328
0,292,12.643903732299805
0,293,12.669620513916016
0,294,12.668191909790039
0,295,12.584942817687988
0,296,12.657669067382812
0,297,12.694995880126953
0,298,12.638903617858887
0,299,12.632168769836426
0,300,12.661288261413574
0,301,12.612900733947754
0,302,12.660110473632812
0,303,12.619653701782227
0,304,12.646425247192383
0,305,12.705129623413086
0,306,12.621784210205078
0,307,12.651993751525879
0,308,12.602983474731445
0,309,12.627947807312012
0,310,12.557721138000488
0,311,12.582714080810547
0,312,12.579405784606934
0,313,12.596412658691406
0,314,12.574499130249023
0,315,12.56059741973877
0,316,12.60008716583252
0,317,12.55285930633545
0,318,12.552359580993652
0,319,12.564263343811035
0,320,12.545319557189941
0,321,12.5619535446167
0,322,12.559146881103516
0,323,12.539421081542969
0,324,12.529577255249023
0,325,12.560264587402344
0,326,12.518298149108887
0,327,12.556827545166016
0,328,12.5405855178833
0,329,12.607536315917969
0,330,12.512146949768066
0,331,12.532475471496582
0,332,12.538955688476562
0,333,12.570899963378906
0,334,12.55783462524414
0,335,12.54850959777832
0,336,12.528654098510742
0,337,12.491066932678223
0,338,12.585906028747559
0,339,12.519564628601074
0,340,12.513777732849121
0,341,12.53215217590332
0,342,12.498067855834961
0,343,12.513697624206543
0,344,12.482479095458984
0,345,12.445422172546387
0,346,12.440827369689941
0,347,12.454130172729492
0,348,12.457784652709961
0,349,12.466862678527832
0,350,12.451496124267578
0,351,12.457876205444336
0,352,12.47916030883789
0,353,12.417158126831055
0,354,12.474064826965332
0,355,12.438499450683594
0,356,12.431781768798828
0,357,12.449484825134277
0,358,12.451254844665527
0,359,12.40670108795166
0,360,12.381860733032227
0,361,12.412213325500488
0,362,12.422826766967773
0,363,12.422296524047852
0,364,12.377992630004883
0,365,12.402688980102539
0,366,12.39737319946289
0,367,12.372568130493164
0,368,12.38434886932373
0,369,12.412069320678711
0,370,12.371789932250977
0,371,12.404542922973633
0,372,12.404481887817383
0,373,12.379203796386719
0,374,12.392391204833984
0,375,12.344830513000488
0,376,12.372772216796875
0,377,12.358631134033203
0,378,12.354952812194824
0,379,12.365564346313477
0,380,12.368731498718262
0,381,12.405426979064941
0,382,12.340795516967773
0,383,12.391680717468262
0,384,12.334264755249023
0,385,12.291764259338379
0,386,12.36720085144043
0,387,12.328128814697266
0,388,12.337188720703125
0,389,12.34189224243164
0,390,12.3104248046875
0,391,12.368680953979492
0,392,12.346151351928711
0,393,12.329338073730469
0,394,12.279264450073242
0,395,12.304876327514648
0,396,12.312725067138672
0,397,12.314393043518066
0,398,12.301324844360352
0,399,12.294239044189453
0,400,12.258474349975586
0,401,12.310686111450195
0,402,12.295379638671875
0,403,12.27116584777832
0,404,12.274787902832031
0,405,12.25968074798584
0,406,12.29395866394043
0,407,12.27315902709961
0,408,12.291620254516602
0,409,12.272933959960938
0,410,12.268298149108887
0,411,12.252737045288086
0,412,12.31332778930664
0,413,12.246366500854492
0,414,12.244414329528809
0,415,12.245441436767578
0,416,12.216913223266602
0,417,12.231430053710938
0,418,12.247913360595703
0,419,12.22935676574707
0,420,12.236881256103516
0,421,12.202970504760742
0,422,12.222394943237305
0,423,12.220147132873535
0,424,12.192108154296875
0,425,12.164064407348633
0,426,12.219043731689453
0,427,12.209877014160156
0,428,12.240123748779297
0,429,12.172411918640137
0,430,12.20168685913086
0,431,12.238636016845703
0,432,12.207084655761719
0,433,12.20697021484375
0,434,12.187087059020996
0,435,12.181248664855957
0,436,12.203696250915527
0,437,12.18244743347168
0,438,12.18298625946045
0,439,12.106260299682617
0,440,12.161566734313965
0,441,12.198469161987305
0,442,12.1428861618042
0,443,12.129810333251953
0,444,12.17112922668457
0,445,12.131248474121094
0,446,12.093721389770508
0,447,12.14263916015625
0,448,12.107802391052246
0,449,12.144777297973633
0,450,12.13534927368164
0,451,12.0989990234375
0,452,12.146082878112793
0,453,12.125651359558105
0,454,12.127885818481445
0,455,12.132442474365234
0,456,12.097270965576172
0,457,12.049934387207031
0,458,12.101676940917969
0,459,12.114835739135742
0,460,12.111639976501465
0,461,12.11760139465332
0,462,12.071028709411621
0,463,12.096614837646484
0,464,12.083806991577148
0,465,12.088635444641113
0,466,12.064350128173828
0,467,12.097501754760742
0,468,12.104107856750488
0,469,12.106527328491211
0,470,12.059337615966797
0,471,12.101093292236328
0,472,12.009231567382812
0,473,12.047563552856445
0,474,12.04168701171875
0,475,12.01647663116455
0,476,12.048619270324707
0,477,12.093255996704102
0,478,12.08733081817627
0,479,12.040027618408203
0,480,12.043405532836914
0,481,12.014946937561035
0,482,12.035985946655273
0,483,12.04205322265625
0,484,11.98536491394043
0,485,12.027891159057617
0,486,12.016971588134766
0,487,12.008514404296875
0,488,12.02694320678711
0,489,11.991901397705078
0,490,12.01845932006836
0,491,11.974815368652344
0,492,11.952943801879883
0,493,11.992082595825195
0,494,12.060325622558594
0,495,11.962467193603516
0,496,11.972187042236328
0,497,11.933862686157227
0,498,11.952917098999023
0,499,12.003271102905273
0,500,12.025259017944336
0,501,11.98992919921875
0,502,11.931831359863281
0,503,11.966689109802246
0,504,11.938852310180664
0,505,11.997474670410156
0,506,11.96958065032959
0,507,11.9923734664917
0,508,11.968305587768555
0,509,11.950460433959961
0,510,11.923341751098633
0,511,11.982357025146484
0,512,11.933027267456055
0,513,11.940950393676758
0,514,11.955692291259766
0,515,12.159297943115234
0,516,11.908853530883789
0,517,11.94173812866211
0,518,11.940424919128418
0,519,11.920797348022461
0,520,11.929200172424316
0,521,11.952241897583008
0,522,11.916950225830078
0,523,11.949129104614258
0,524,11.923894882202148
0,525,11.92867374420166
0,526,11.990836143493652
0,527,11.985088348388672
0,528,11.908892631530762
0,529,11.918098449707031
0,530,11.935461044311523
0,531,11.901582717895508
0,532,11.894293785095215
0,533,11.878538131713867
0,534,11.911540985107422
0,535,11.908211708068848
0,536,11.871675491333008
0,537,11.95710277557373
0,538,11.900137901306152
0,539,11.904054641723633
0,540,11.885932922363281
0,541,11.90002155303955
0,542,11.827985763549805
0,543,11.822068214416504
0,544,11.865362167358398
0,545,11.864078521728516
0,546,11.871878623962402
0,547,11.857536315917969
0,548,11.957249641418457
0,549,11.831003189086914
0,550,11.851158142089844
0,551,11.901113510131836
0,552,11.765047073364258
0,553,11.838557243347168
0,554,11.826923370361328
0,555,11.853195190429688
0,556,11.830617904663086
0,557,11.805713653564453
0,558,11.814872741699219
0,559,11.814837455749512
0,560,11.815995216369629
0,561,11.822021484375
0,562,11.793686866760254
0,563,11.835399627685547
0,564,11.815107345581055
0,565,11.816407203674316
0,566,11.797435760498047
0,567,11.87883472442627
0,568,11.820798873901367
0,569,11.777377128601074
0,570,11.800195693969727
0,571,11.760308265686035
0,572,11.822537422180176
0,573,11.775188446044922
0,574,11.762470245361328
0,575,11.784337997436523
0,576,11.863103866577148
0,577,11.754192352294922
0,578,11.781516075134277
0,579,11.776579856872559
0,580,11.77688980102539
0,581,11.747936248779297
0,582,11.7562255859375
0,583,11.73648738861084
0,584,11.740304946899414
0,585,11.753379821777344
0,586,11.77086067199707
0,587,11.692292213439941
0,588,11.720453262329102
0,589,11.675943374633789
0,590,11.741941452026367
0,591,11.713067054748535
0,592,11.730743408203125
0,593,11.723189353942871
0,594,11.708702087402344
0,595,11.73874568939209
0,596,11.704446792602539
0,597,11.729373931884766
0,598,11.717427253723145
0,599,11.725945472717285
0,600,11.716423034667969
0,601,11.754037857055664
0,602,11.685973167419434
0,603,11.724142074584961
0,604,11.692127227783203
0,605,11.697300910949707
0,606,11.702825546264648
0,607,11.680131912231445
0,608,11.673964500427246
0,609,11.671258926391602
0,610,11.686552047729492
0,611,11.676708221435547
0,612,11.681631088256836
0,613,11.746261596679688
0,614,11.638097763061523
0,615,11.662477493286133
0,616,11.62678337097168
0,617,11.704730987548828
0,618,11.666048049926758
0,619,11.670073509216309
0,620,11.673891067504883
0,621,11.654460906982422
0,622,11.650239944458008
0,623,11.622397422790527
0,624,11.666581153869629
0,625,11.590394020080566
0,626,11.608333587646484
0,627,11.64194393157959
0,628,11.649788856506348
0,629,11.615989685058594
0,630,11.619600296020508
0,631,11.624829292297363
0,632,11.597433090209961
0,633,11.627748489379883
0,634,11.636053085327148
0,635,11.59262466430664
0,636,11.608831405639648
0,637,11.6300687789917
0,638,11.624896049499512
0,639,11.616938591003418
0,640,11.576469421386719
0,641,11.623422622680664
0,642,11.596824645996094
0,643,11.596370697021484
0,644,11.573469161987305
0,645,11.584310531616211
0,646,11.612777709960938
0,647,11.606901168823242
0,648,11.613099098205566
0,649,11.58558464050293
0,650,11.610465049743652
0,651,11.559701919555664
0,652,11.587886810302734
0,653,11.583002090454102
0,654,11.54793930053711
0,655,11.584206581115723
0,656,11.504589080810547
0,657,11.589715957641602
0,658,11.501358032226562
0,659,11.510820388793945
0,660,11.610454559326172
0,661,11.55740737915039
0,662,11.520767211914062
0,663,11.540635108947754
0,664,11.518377304077148
0,665,11.527405738830566
0,666,11.543103218078613
0,667,11.54576587677002
0,668,11.55282974243164
0,669,11.533167839050293
0,670,11.53247356414795
0,671,11.488125801086426
0,672,11.54802417755127
0,673,11.525009155273438
0,674,11.564031600952148
0,675,11.53548812866211
0,676,11.52458667755127
0,677,11.505002975463867
0,678,11.502607345581055
0,679,11.480170249938965
0,680,11.513923645019531
0,681,11.518388748168945
0,682,11.472341537475586
0,683,11.488565444946289
0,684,11.480767250061035
0,685,11.480672836303711
0,686,11.483903884887695
0,687,11.505805969238281
0,688,11.453285217285156
0,689,11.525513648986816
0,690,11.4957275390625
0,691,11.447558403015137
0,692,11.43705940246582
0,693,11.439726829528809
0,694,11.465378761291504
0,695,11.420395851135254
0,696,11.452691078186035
0,697,11.41862678527832
0,698,11.44533920288086
0,699,11.461043357849121
0,700,11.45939826965332
0,701,11.446281433105469
0,702,11.4193754196167
0,703,11.454399108886719
0,704,11.4379301071167
0,705,11.450439453125
0,706,11.438610076904297
0,707,11.433372497558594
0,708,11.445662498474121
0,709,11.433828353881836
0,710,11.424649238586426
0,711,11.429553985595703
0,712,11.447882652282715
0,713,11.41197681427002
0,714,11.403383255004883
0,715,11.401276588439941
0,716,11.388450622558594
0,717,11.410319328308105
0,718,11.423521995544434
0,719,11.390962600708008
0,720,11.406462669372559
0,721,11.369565963745117
0,722,11.402585983276367
0,723,11.357589721679688
0,724,11.3649263381958
0,725,11.408319473266602
0,726,11.373157501220703
0,727,11.387208938598633
0,728,11.362703323364258
0,729,11.384471893310547
0,730,11.355201721191406
0,731,11.353178977966309
0,732,11.333396911621094
0,733,11.40041446685791
0,734,11.36506462097168
0,735,11.375316619873047
0,736,11.344354629516602
0,737,11.379179000854492
0,738,11.352621078491211
0,739,11.364139556884766
0,740,11.363271713256836
0,741,11.356734275817871
0,742,11.349820137023926
0,743,11.311857223510742
0,744,11.328102111816406
0,745,11.329998970031738
0,746,11.34204387664795
0,747,11.362909317016602
0,748,11.355228424072266
0,749,11.325335502624512
0,750,11.352787971496582
0,751,11.324193000793457
0,752,11.33319091796875
0,753,11.313936233520508
0,754,11.320576667785645
0,755,11.310937881469727
0,756,11.31801700592041
0,757,11.310932159423828
0,758,11.294462203979492
0,759,11.32060718536377
0,760,11.317255973815918
0,761,11.33493709564209
0,762,11.3572998046875
0,763,11.305115699768066
0,764,11.288372993469238
0,765,11.325611114501953
0,766,11.280403137207031
0,767,11.30012321472168
0,768,11.302257537841797
0,769,11.288472175598145
0,770,11.228992462158203
0,771,11.300247192382812
0,772,11.27145004272461
0,773,11.268014907836914
0,774,11.295379638671875
0,775,11.252227783203125
0,776,11.29404067993164
0,777,11.255663871765137
0,778,11.278502464294434
0,779,11.267644882202148
0,780,11.26646614074707
0,781,11.282328605651855
0,782,11.209138870239258
0,783,11.302788734436035
0,784,11.2105131149292
0,785,11.254772186279297
0,786,11.245121955871582
0,787,11.238252639770508
0,788,11.249305725097656
0,789,11.243207931518555
0,790,11.242987632751465
0,791,11.275875091552734
0,792,11.211095809936523
0,793,11.223407745361328
0,794,11.23388385772705
0,795,11.245512008666992
0,796,11.196965217590332
0,797,11.219783782958984
0,798,11.19044303894043
0,799,11.247953414916992
0,800,11.215163230895996
0,801,11.248261451721191
0,802,11.24953842163086
0,803,11.197893142700195
0,804,11.22579574584961
0,805,11.16382884979248
0,806,11.182851791381836
0,807,11.165403366088867
0,808,11.166253089904785
0,809,11.237686157226562
0,810,11.178317070007324
0,811,11.215523719787598
0,812,11.198875427246094
0,813,11.203306198120117
0,814,11.169611930847168
0,815,11.221900939941406
0,816,11.178489685058594
0,817,11.193306922912598
0,818,11.202961921691895
0,819,11.22970199584961
0,820,11.220724105834961
0,821,11.182161331176758
0,822,11.180315017700195
0,823,11.18703842163086
0,824,11.170156478881836
0,825,11.16949462890625
0,826,11.230096817016602
0,827,11.131282806396484
0,828,11.13997745513916
0,829,11.165864944458008
0,830,11.18973159790039
0,831,11.159170150756836
0,832,11.161266326904297
0,833,11.066556930541992
0,834,11.093194961547852
0,835,11.12777328491211
0,836,11.139287948608398
0,837,11.191017150878906
0,838,11.141579627990723
0,839,11.126651763916016
0,840,11.148496627807617
0,841,11.1353759765625
0,842,11.11501693725586
0,843,11.114846229553223
0,844,11.107073783874512
0,845,11.130661010742188
0,846,11.112228393554688
0,847,11.12009334564209
0,848,11.089374542236328
0,849,11.117216110229492
0,850,11.111600875854492
0,851,11.135519027709961
0,852,11.135854721069336
0,853,11.129579544067383
0,854,11.093110084533691
0,855,11.074175834655762
0,856,11.101509094238281
0,857,11.114386558532715
0,858,11.075971603393555
0,859,11.08428955078125
0,860,11.10443115234375
0,861,11.096717834472656
0,862,11.070191383361816
0,863,11.093439102172852
0,864,11.11886215209961
0,865,11.095884323120117
0,866,11.074758529663086
0,867,11.043415069580078
0,868,11.081709861755371
0,869,11.066862106323242
0,870,11.084136962890625
0,871,11.088543891906738
0,872,11.018186569213867
0,873,11.070411682128906
0,874,11.058891296386719
0,875,11.070068359375
0,876,11.061123847961426
0,877,11.03010368347168
0,878,11.062028884887695
0,879,11.01606559753418
0,880,11.05699634552002
0,881,11.061471939086914
0,882,11.06993579864502
0,883,11.041786193847656
0,884,11.05921745300293
0,885,11.06189250946045
0,886,11.02129077911377
0,887,10.996835708618164
0,888,11.016501426696777
0,889,11.021284103393555
0,890,11.061773300170898
0,891,11.019599914550781
0,892,11.052959442138672
0,893,11.022615432739258
0,894,11.001832008361816
0,895,11.044132232666016
0,896,10.992396354675293
0,897,11.010106086730957
0,898,10.976648330688477
0,899,10.992338180541992
0,900,11.007935523986816
0,901,11.053068161010742
0,902,11.025508880615234
0,903,11.004597663879395
0,904,11.005913734436035
0,905,11.032386779785156
0,906,10.99660873413086
0,907,11.02827262878418
0,908,11.011659622192383
0,909,10.97818374633789
0,910,10.962844848632812
0,911,10.99705982208252
0,912,10.995142936706543
0,913,10.983299255371094
0,914,10.97365951538086
0,915,10.966482162475586
0,916,10.985336303710938
0,917,10.963760375976562
0,918,10.968082427978516
0,919,10.965469360351562
0,920,10.929304122924805
0,921,10.98419189453125
0,922,10.960874557495117
0,923,10.974061965942383
0,924,10.959650993347168
0,925,10.907472610473633
0,926,10.946619033813477
0,927,10.97327995300293
0,928,10.980766296386719
0,929,10.967354774475098
0,930,10.973193168640137
0,931,10.943283081054688
0,932,10.978391647338867
0,933,10.947526931762695
0,934,10.967710494995117
0,935,10.943674087524414
0,936,10.963781356811523
0,937,10.95111083984375
0,938,10.952577590942383
0,939,10.906037330627441
0,940,10.930150985717773
0,941,10.933599472045898
0,942,10.921360969543457
0,943,10.884871482849121
0,944,10.882486343383789
0,945,10.948112487792969
0,946,10.902514457702637
0,947,10.877159118652344
0,948,10.917428970336914
0,949,10.929122924804688
0,950,10.91043758392334
0,951,10.919513702392578
0,952,10.910123825073242
0,953,10.919637680053711
0,954,10.88471794128418
0,955,10.934900283813477
0,956,10.895196914672852
0,957,10.8834228515625
0,958,10.880040168762207
0,959,10.878411293029785
0,960,10.900961875915527
0,961,10.863354682922363
0,962,10.892902374267578
0,963,10.904321670532227
0,964,10.876530647277832
0,965,10.885024070739746
0,966,10.91435432434082
0,967,10.817943572998047
0,968,10.920856475830078
0,969,10.839471817016602
0,970,10.895236015319824
0,971,10.894943237304688
0,972,10.84992790222168
0,973,10.884614944458008
0,974,10.886765480041504
0,975,10.87481689453125
0,976,10.854665756225586
0,977,10.851882934570312
0,978,10.873903274536133
0,979,10.85183334350586
0,980,10.858484268188477
0,981,10.834281921386719
0,982,10.823637008666992
0,983,10.876458168029785
0,984,10.827064514160156
0,985,10.90390396118164
0,986,10.858695030212402
0,987,10.815982818603516
0,988,10.830291748046875
0,989,10.868309020996094
0,990,10.897903442382812
0,991,10.818381309509277
0,992,10.827106475830078
0,993,10.869888305664062
0,994,10.850951194763184
0,995,10.833610534667969
0,996,10.817737579345703
0,997,10.827585220336914
0,998,10.845415115356445
0,999,10.806783676147461
0,1000,10.843265533447266
0,1001,10.825267791748047
0,1002,10.831582069396973
0,1003,10.837424278259277
0,1004,10.782541275024414
0,1005,10.783609390258789
0,1006,10.803409576416016
0,1007,10.803287506103516
0,1008,10.78872299194336
0,1009,10.783803939819336
0,1010,10.795196533203125
0,1011,10.816316604614258
0,1012,10.816441535949707
0,1013,10.826501846313477
0,1014,10.798667907714844
0,1015,10.791790008544922
0,1016,10.82470703125
0,1017,10.778605461120605
0,1018,10.753996849060059
0,1019,10.802083969116211
0,1020,10.7948637008667
0,1021,10.799400329589844
0,1022,10.820335388183594
0,1023,10.777627944946289
0,1024,10.779073715209961
0,1025,10.802093505859375
0,1026,10.767881393432617
0,1027,10.760391235351562
0,1028,10.765029907226562
0,1029,10.788987159729004
0,1030,10.764528274536133
0,1031,10.7391357421875
0,1032,10.740877151489258
0,1033,10.743614196777344
0,1034,10.75273323059082
0,1035,10.761165618896484
0,1036,10.77098274230957
0,1037,10.81311321258545
0,1038,10.757222175598145
0,1039,10.767985343933105
0,1040,10.7237548828125
0,1041,10.779062271118164
0,1042,10.762056350708008
0,1043,10.723695755004883
0,1044,10.772441864013672
0,1045,10.752801895141602
0,1046,10.745214462280273
0,1047,10.739042282104492
0,1048,10.734050750732422
0,1049,10.743513107299805
0,1050,10.7267484664917
0,1051,10.71713638305664
0,1052,10.733755111694336
0,1053,10.714339256286621
0,1054,10.733104705810547
0,1055,10.718517303466797
0,1056,10.722005844116211
0,1057,10.756858825683594
0,1058,10.733901023864746
0,1059,10.71225357055664
0,1060,10.681873321533203
0,1061,10.737833976745605
0,1062,10.71417236328125
0,1063,10.73788070678711
0,1064,10.716998100280762
0,1065,10.684342384338379
0,1066,10.676643371582031
0,1067,10.68136215209961
0,1068,10.753751754760742
0,1069,10.691234588623047
0,1070,10.68319034576416
0,1071,10.736589431762695
0,1072,10.696269989013672
0,1073,10.677988052368164
0,1074,10.690613746643066
0,1075,10.739702224731445
0,1076,10.71805191040039
0,1077,10.732871055603027
0,1078,10.687602996826172
0,1079,10.704172134399414
0,1080,10.67841911315918
0,1081,10.677268981933594
0,1082,10.70427131652832
0,1083,10.685781478881836
0,1084,10.701972961425781
0,1085,10.698432922363281
0,1086,10.681661605834961
0,1087,10.688241004943848
0,1088,10.64939022064209
0,1089,10.671241760253906
0,1090,10.677618026733398
0,1091,10.671459197998047
0,1092,10.627215385437012
0,1093,10.620323181152344
0,1094,10.660589218139648
0,1095,10.655040740966797
0,1096,10.644570350646973
0,1097,10.646821975708008
0,1098,10.669918060302734
0,1099,10.672420501708984
0,1100,10.65447998046875
0,1101,10.688522338867188
0,1102,10.65447998046875
0,1103,10.66916275024414
0,1104,10.640493392944336
0,1105,10.665485382080078
0,1106,10.673940658569336
0,1108,10.65422534942627
1,0,10.639554023742676
1,1,10.608187675476074
1,2,10.632038116455078
1,3,10.65392780303955
1,4,10.634593963623047
1,5,10.623147010803223
1,6,10.648249626159668
1,7,10.631561279296875
1,8,10.63808822631836
1,9,10.657599449157715
1,10,10.637054443359375
1,11,10.65023136138916
1,12,10.608577728271484
1,13,10.616869926452637
1,14,10.618968963623047
1,15,10.617013931274414
1,16,10.618563652038574
1,17,10.585844993591309
1,18,10.621012687683105
1,19,10.615793228149414
1,20,10.636187553405762
1,21,10.630330085754395
1,22,10.62606430053711
1,23,10.617802619934082
1,24,10.60464859008789
1,25,10.628173828125
1,26,10.616663932800293
1,27,10.606361389160156
1,28,10.620636940002441
1,29,10.605508804321289
1,30,10.61125659942627
1,31,10.609463691711426
1,32,10.609585762023926
1,33,10.591316223144531
1,34,10.577271461486816
1,35,10.639395713806152
1,36,10.620147705078125
1,37,10.589393615722656
1,38,10.579105377197266
1,39,10.604695320129395
1,40,10.5897216796875
1,41,10.58218002319336
1,42,10.54001522064209
1,43,10.610607147216797
1,44,10.585213661193848
1,45,10.61154556274414
1,46,10.584663391113281
1,47,10.561285018920898
1,48,10.573808670043945
1,49,10.562952041625977
1,50,10.585941314697266
1,51,10.580404281616211
1,52,10.596611976623535
1,53,10.522295951843262
1,54,10.570208549499512
1,55,10.566442489624023
1,56,10.556644439697266
1,57,10.537060737609863
1,58,10.584392547607422
1,59,10.557307243347168
1,60,10.553619384765625
1,61,10.545309066772461
1,62,10.561054229736328
1,63,10.543042182922363
1,64,10.562984466552734
1,65,10.558712005615234
1,66,10.544452667236328
1,67,10.52804183959961
1,68,10.541489601135254
1,69,10.523465156555176
1,70,10.54690170288086
1,71,10.54371452331543
1,72,10.541924476623535
1,73,10.492084503173828
1,74,10.505691528320312
1,75,10.51803207397461
1,76,10.54401969909668
1,77,10.532181739807129
1,78,10.505539894104004
1,79,10.492321968078613
1,80,10.524700164794922
1,81,10.47999382019043
1,82,10.510164260864258
1,83,10.51143741607666
1,84,10.524662971496582
1,85,10.576976776123047
1,86,10.482150077819824
1,87,10.5016508102417
1,88,10.5181303024292
1,89,10.521397590637207
1,90,10.53038215637207
1,91,10.52686882019043
1,92,10.48653793334961
1,93,10.506852149963379
1,94,10.491600036621094
1,95,10.514408111572266
1,96,10.494975090026855
1,97,10.508350372314453
1,98,10.516960144042969
1,99,10.470011711120605
1,100,10.472207069396973
1,101,10.478958129882812
1,102,10.487730026245117
1,103,10.479561805725098
1,104,10.472586631774902
1,105,10.489303588867188
1,106,10.472494125366211
1,107,10.49170970916748
1,108,10.48951530456543
1,109,10.476055145263672
1,110,10.455747604370117
1,111,10.455318450927734
1,112,10.495322227478027
1,113,10.460693359375
1,114,10.46622085571289
1,115,10.466290473937988
1,116,10.47421646118164
1,117,10.464075088500977
1,118,10.485450744628906
1,119,10.475027084350586
1,120,10.48322582244873
1,121,10.46932315826416
1,122,10.445563316345215
1,123,10.480777740478516
1,124,10.481565475463867
1,125,10.400074005126953
1,126,10.437618255615234
1,127,10.465760231018066
1,128,10.44930362701416
1,129,10.471933364868164
1,130,10.465639114379883
1,131,10.473241806030273
1,132,10.446380615234375
1,133,10.450739860534668
1,134,10.440227508544922
1,135,10.443368911743164
1,136,10.398786544799805
1,137,10.443981170654297
1,138,10.461567878723145
1,139,10.455303192138672
1,140,10.454837799072266
1,141,10.435532569885254
1,142,10.453128814697266
1,143,10.479843139648438
1,144,10.422744750976562
1,145,10.437179565429688
1,146,10.452230453491211
1,147,10.403185844421387
1,148,10.429883003234863
1,149,10.419029235839844
1,150,10.45747184753418
1,151,10.421711921691895
1,152,10.413511276245117
1,153,10.420530319213867
1,154,10.412376403808594
1,155,10.445037841796875
1,156,10.420249938964844
1,157,10.414665222167969
1,158,10.40931510925293
1,159,10.419525146484375
1,160,10.429850578308105
1,161,10.372196197509766
1,162,10.395740509033203
1,163,10.412385940551758
1,164,10.420598030090332
1,165,10.423601150512695
1,166,10.378965377807617
1,167,10.384241104125977
1,168,10.412507057189941
1,169,10.402820587158203
1,170,10.387012481689453
1,171,10.433460235595703
1,172,10.350881576538086
1,173,10.404500961303711
1,174,10.379751205444336
1,175,10.421669006347656
1,176,10.398195266723633
1,177,10.39100170135498
1,178,10.382445335388184
1,179,10.41678524017334
1,180,10.391443252563477
1,181,10.380842208862305
1,182,10.364960670471191
1,183,10.372950553894043
1,184,10.379968643188477
1,185,10.37786865234375
1,186,10.41299819946289
1,187,10.379631042480469
1,188,10.330602645874023
1,189,10.342519760131836
1,190,10.3367919921875
1,191,10.359183311462402
1,192,10.354616165161133
1,193,10.365510940551758
1,194,10.403009414672852
1,195,10.376083374023438
1,196,10.400949478149414
1,197,10.363983154296875
1,198,10.36722183227539
1,199,10.360570907592773
1,200,10.36406421661377
1,201,10.381359100341797
1,202,10.377923011779785
1,203,10.383620262145996
1,204,10.35365104675293
1,205,10.370513916015625
1,206,10.364002227783203
1,207,10.354736328125
1,208,10.39718246459961
1,209,10.356886863708496
1,210,10.371458053588867
1,211,10.347766876220703
1,212,10.354762077331543
1,213,10.336854934692383
1,214,10.342604637145996
1,215,10.348661422729492
1,216,10.334354400634766
1,217,10.361377716064453
1,218,10.370863914489746
1,219,10.336591720581055
1,220,10.35806941986084
1,221,10.353975296020508
1,222,10.32691764831543
1,223,10.336318016052246
1,224,10.343001365661621
1,225,10.315389633178711
1,226,10.327751159667969
1,227,10.345634460449219
1,228,10.31887149810791
1,229,10.305902481079102
1,230,10.345026969909668
1,231,10.340803146362305
1,232,10.313746452331543
1,233,10.333404541015625
1,234,10.34139633178711
1,235,10.343658447265625
1,236,10.303958892822266
1,237,10.325511932373047
1,238,10.310159683227539
1,239,10.347765922546387
1,240,10.328874588012695
1,241,10.340157508850098
1,242,10.29731559753418
1,243,10.309491157531738
1,244,10.333639144897461
1,245,10.26890754699707
1,246,10.340198516845703
1,247,10.294715881347656
1,248,10.334573745727539
1,249,10.317764282226562
1,250,10.307527542114258
1,251,10.341390609741211
1,252,10.284656524658203
1,253,10.303633689880371
1,254,10.308711051940918
1,255,10.309439659118652
1,256,10.3015718460083
1,257,10.305805206298828
1,258,10.273776054382324
1,259,10.296303749084473
1,260,10.309453964233398
1,261,10.290534973144531
1,262,10.272130966186523
1,263,10.310812950134277
1,264,10.299087524414062
1,265,10.263187408447266
1,266,10.274812698364258
1,267,10.287009239196777
1,268,10.266828536987305
1,269,10.291516304016113
1,270,10.304783821105957
1,271,10.262752532958984
1,272,10.277820587158203
1,273,10.24201774597168
1,274,10.265604019165039
1,275,10.309165954589844
1,276,10.242246627807617
1,277,10.270910263061523
1,278,10.28538703918457
1,279,10.297828674316406
1,280,10.261930465698242
1,281,10.259984970092773
1,282,10.29025936126709
1,283,10.30116081237793
1,284,10.278697967529297
1,285,10.240604400634766
1,286,10.269208908081055
1,287,10.260553359985352
1,288,10.24496841430664
1,289,10.278345108032227
1,290,10.228948593139648
1,291,10.263976097106934
1,292,10.259977340698242
1,293,10.256814956665039
1,294,10.251435279846191
1,295,10.27775764465332
1,296,10.217121124267578
1,297,10.275540351867676
1,298,10.254968643188477
1,299,10.246381759643555
1,300,10.233118057250977
1,301,10.237126350402832
1,302,10.250208854675293
1,303,10.213700294494629
1,304,10.227071762084961
1,305,10.27458381652832
1,306,10.260753631591797
1,307,10.274105072021484
1,308,10.228193283081055
1,309,10.245561599731445
1,310,10.234892845153809
1,311,10.221582412719727
1,312,10.221013069152832
1,313,10.25781536102295
1,314,10.205062866210938
1,315,10.185148239135742
1,316,10.234846115112305
1,317,10.202014923095703
1,318,10.206174850463867
1,319,10.232118606567383
1,320,10.226008415222168
1,321,10.243873596191406
1,322,10.177831649780273
1,323,10.231260299682617
1,324,10.190618515014648
1,325,10.230195999145508
1,326,10.216764450073242
1,327,10.258358001708984
1,328,10.245655059814453
1,329,10.230605125427246
1,330,10.218124389648438
1,331,10.235555648803711
1,332,10.201424598693848
1,333,10.20174503326416
1,334,10.221335411071777
1,335,10.22717571258545
1,336,10.22615909576416
1,337,10.217036247253418
1,338,10.197957992553711
1,339,10.217098236083984
1,340,10.20718765258789
1,341,10.200078964233398
1,342,10.21300983428955
1,343,10.200368881225586
1,344,10.202937126159668
1,345,10.199067115783691
1,346,10.198509216308594
1,347,10.200006484985352
1,348,10.208751678466797
1,349,10.194961547851562
1,350,10.225835800170898
1,351,10.212915420532227
1,352,10.216583251953125
1,353,10.197589874267578
1,354,10.208569526672363
1,355,10.120702743530273
1,356,10.172293663024902
1,357,10.188642501831055
1,358,10.169697761535645
1,359,10.210367202758789
1,360,10.16983413696289
1,361,10.207857131958008
1,362,10.21489143371582
1,363,10.204242706298828
1,364,10.167276382446289
1,365,10.165487289428711
1,366,10.212411880493164
1,367,10.141708374023438
1,368,10.161155700683594
1,369,10.169532775878906
1,370,10.163408279418945
1,371,10.161430358886719
1,372,10.153763771057129
1,373,10.17562484741211
1,374,10.181097030639648
1,375,10.179849624633789
1,376,10.16689682006836
1,377,10.203794479370117
1,378,10.167181015014648
1,379,10.185005187988281
1,380,10.17953109741211
1,381,10.175222396850586
1,382,10.151151657104492
1,383,10.160530090332031
1,384,10.163562774658203
1,385,10.168815612792969
1,386,10.182563781738281
1,387,10.177116394042969
1,388,10.170145988464355
1,389,10.195608139038086
1,390,10.130854606628418
1,391,10.159528732299805
1,392,10.178241729736328
1,393,10.181732177734375
1,394,10.15060043334961
1,395,10.12669563293457
1,396,10.148782730102539
1,397,10.172504425048828
1,398,10.157085418701172
1,399,10.132148742675781
1,400,10.170934677124023
1,401,10.17076301574707
1,402,10.15489673614502
1,403,10.128885269165039
1,404,10.14299201965332
1,405,10.081037521362305
1,406,10.141071319580078
1,407,10.159098625183105
1,408,10.130691528320312
1,409,10.05875015258789
1,410,10.156946182250977
1,411,10.169200897216797
1,412,10.143857955932617
1,413,10.144813537597656
1,414,10.14573860168457
1,415,10.15708065032959
1,416,10.122698783874512
1,417,10.151811599731445
1,418,10.134821891784668
1,419,10.146820068359375
1,420,10.123310089111328
1,421,10.142410278320312
1,422,10.149991989135742
1,423,10.1282320022583
1,424,10.160665512084961
1,425,10.13156509399414
1,426,10.118602752685547
1,427,10.11427116394043
1,428,10.097027778625488
1,429,10.110920906066895
1,430,10.152297019958496
1,431,10.104888916015625
1,432,10.112945556640625
1,433,10.139695167541504
1,434,10.121410369873047
1,435,10.125402450561523
1,436,10.108942031860352
1,437,10.110057830810547
1,438,10.121854782104492
1,439,10.073715209960938
1,440,10.110218048095703
1,441,10.138982772827148
1,442,10.119461059570312
1,443,10.084027290344238
1,444,10.103713989257812
1,445,10.092988967895508
1,446,10.058685302734375
1,447,10.132333755493164
1,448,10.121694564819336
1,449,10.132318496704102
1,450,10.133959770202637
1,451,10.11292839050293
1,452,10.106627464294434
1,453,10.086630821228027
1,454,10.083207130432129
1,455,10.110368728637695
1,456,10.088385581970215
1,457,10.114128112792969
1,458,10.127881050109863
1,459,10.0799560546875
1,460,10.1231107711792
1,461,10.094583511352539
1,462,10.082002639770508
1,463,10.079750061035156
1,464,10.079282760620117
1,465,10.071972846984863
1,466,10.076960563659668
1,467,10.054420471191406
1,468,10.128631591796875
1,469,10.092247009277344
1,470,10.082338333129883
1,471,10.078750610351562
1,472,10.075169563293457
1,473,10.06958293914795
1,474,10.056974411010742
1,475,10.117313385009766
1,476,10.07999324798584
1,477,10.093314170837402
1,478,10.085430145263672
1,479,10.10792350769043
1,480,10.135726928710938
1,481,10.093729019165039
1,482,10.077463150024414
1,483,10.087274551391602
1,484,10.103157043457031
1,485,10.061765670776367
1,486,10.036136627197266
1,487,10.078269958496094
1,488,10.074483871459961
1,489,10.086181640625
1,490,10.086511611938477
1,491,10.061970710754395
1,492,10.04067325592041
1,493,10.076677322387695
1,494,10.059320449829102
1,495,10.078943252563477
1,496,10.074651718139648
1,497,10.05678939819336
1,498,10.075540542602539
1,499,10.04568862915039
1,500,10.037410736083984
1,501,10.080911636352539
1,502,10.060905456542969
1,503,10.022980690002441
1,504,10.078933715820312
1,505,10.092378616333008
1,506,10.018936157226562
1,507,10.061698913574219
1,508,10.040349960327148
1,509,10.037378311157227
1,510,10.061914443969727
1,511,10.043649673461914
1,512,10.023728370666504
1,513,10.061182022094727
1,514,10.07093620300293
1,515,10.047347068786621
1,516,10.013137817382812
1,517,10.047308921813965
1,518,10.055458068847656
1,519,10.038274765014648
1,520,10.065019607543945
1,521,10.036291122436523
1,522,10.058629035949707
1,523,10.051698684692383
1,524,10.051412582397461
1,525,10.017228126525879
1,526,10.023574829101562
1,527,10.053315162658691
1,528,10.022991180419922
1,529,10.023550033569336
1,530,10.058980941772461
1,531,10.01032829284668
1,532,10.030519485473633
1,533,10.030916213989258
1,534,10.014378547668457
1,535,9.981781005859375
1,536,10.045833587646484
1,537,10.018101692199707
1,538,10.065385818481445
1,539,10.039440155029297
1,540,10.016048431396484
1,541,10.042957305908203
1,542,10.022472381591797
1,543,10.00741958618164
1,544,10.00918197631836
1,545,10.044143676757812
1,546,10.037545204162598
1,547,10.019770622253418
1,548,10.05840015411377
1,549,10.04366683959961
1,550,10.0218505859375
1,551,10.007356643676758
1,552,10.021535873413086
1,553,10.009944915771484
1,554,10.008821487426758
1,555,10.035998344421387
1,556,10.06063175201416
1,557,10.019610404968262
1,558,9.975601196289062
1,559,10.00339412689209
1,560,10.042411804199219
1,561,10.00728988647461
1,562,9.921935081481934
1,563,10.029047012329102
1,564,10.018256187438965
1,565,10.021001815795898
1,566,10.016973495483398
1,567,10.027908325195312
1,568,10.016849517822266
1,569,10.009599685668945
1,570,10.014564514160156
1,571,10.042309761047363
1,572,10.005115509033203
1,573,10.004341125488281
1,574,10.008296966552734
1,575,10.016172409057617
1,576,10.02212142944336
1,577,10.015457153320312
1,578,10.002939224243164
1,579,9.989136695861816
1,580,10.019065856933594
1,581,10.023185729980469
1,582,10.006965637207031
1,583,9.965509414672852
1,584,9.99623966217041
1,585,9.981545448303223
1,586,9.97647762298584
1,587,10.019367218017578
1,588,9.979238510131836
1,589,9.98912525177002
1,590,9.993131637573242
1,591,9.968036651611328
1,592,9.99923324584961
1,593,9.99234390258789
1,594,9.941850662231445
1,595,10.00402545928955
1,596,10.006887435913086
1,597,9.993108749389648
1,598,9.984171867370605
1,599,9.970433235168457
1,600,10.00963306427002
1,601,9.969826698303223
1,602,9.99728012084961
1,603,9.94820499420166
1,604,9.974082946777344
1,605,9.983304977416992
1,606,9.961958885192871
1,607,10.001384735107422
1,608,9.987489700317383
1,609,9.9901762008667
1,610,9.974607467651367
1,611,9.927592277526855
1,612,9.953566551208496
1,613,9.967350006103516
1,614,9.992524147033691
1,615,10.004087448120117
1,616,10.000737190246582
1,617,9.975248336791992
1,618,9.97956657409668
1,619,9.951651573181152
1,620,9.946697235107422
1,621,9.96513557434082
1,622,9.908609390258789
1,623,9.959299087524414
1,624,9.955106735229492
1,625,9.985700607299805
1,626,9.961365699768066
1,627,9.948593139648438
1,628,9.989999771118164
1,629,10.007577896118164
1,630,9.980049133300781
1,631,9.942628860473633
1,632,9.998924255371094
1,633,9.993949890136719
1,634,9.964967727661133
1,635,9.974733352661133
1,636,9.909178733825684
1,637,9.963488578796387
1,638,9.954080581665039
1,639,9.946491241455078
1,640,9.94693374633789
1,641,9.976333618164062
1,642,9.967276573181152
1,643,9.950366973876953
1,644,9.945552825927734
1,645,9.985085487365723
1,646,9.973442077636719
1,647,9.94835090637207
1,648,9.921516418457031
1,649,9.930028915405273
1,650,9.962577819824219
1,651,9.944881439208984
1,652,9.927446365356445
1,653,9.962625503540039
1,654,9.935348510742188
1,655,9.987923622131348
1,656,9.92013168334961
1,657,9.954795837402344
1,658,9.948795318603516
1,659,9.960592269897461
1,660,9.94387435913086
1,661,9.916516304016113
1,662,9.918539047241211
1,663,9.942350387573242
1,664,9.922286987304688
1,665,9.934808731079102
1,666,9.92966079711914
1,667,9.945319175720215
1,668,9.943988800048828
1,669,9.92351245880127
1,670,9.943662643432617
1,671,9.961790084838867
1,672,9.938394546508789
1,673,9.938498497009277
1,674,9.935693740844727
1,675,9.928595542907715
1,676,9.923131942749023
1,677,9.940584182739258
1,678,9.905613899230957
1,679,9.929903030395508
1,680,9.89135456085205
1,681,9.94782829284668
1,682,9.930971145629883
1,683,9.973520278930664
1,684,9.919685363769531
1,685,9.911806106567383
1,686,9.938445091247559
1,687,9.91981029510498
1,688,9.944530487060547
1,689,9.92210578918457
1,690,9.917564392089844
1,691,9.936893463134766
1,692,9.942638397216797
1,693,9.922903060913086
1,694,9.902641296386719
1,695,9.908565521240234
1,696,9.88463306427002
1,697,9.942090034484863
1,698,9.943292617797852
1,699,9.903594970703125
1,700,9.934219360351562
1,701,9.930360794067383
1,702,9.91986083984375
1,703,9.928503036499023
1,704,9.909891128540039
1,705,9.9132080078125
1,706,9.892550468444824
1,707,9.897714614868164
1,708,9.930105209350586
1,709,9.910318374633789
1,710,9.91977310180664
1,711,9.901666641235352
1,712,9.921940803527832
1,713,9.870203971862793
1,714,9.882183074951172
1,715,9.915704727172852
1,716,9.929662704467773
1,717,9.927059173583984
1,718,9.897839546203613
1,719,9.886470794677734
1,720,9.911918640136719
1,721,9.891267776489258
1,722,9.93150806427002
1,723,9.884127616882324
1,724,9.886350631713867
1,725,9.88909912109375
1,726,9.914532661437988
1,727,9.866521835327148
1,728,9.884623527526855
1,729,9.919515609741211
1,730,9.908468246459961
1,731,9.900909423828125
1,732,9.904932022094727
1,733,9.861589431762695
1,734,9.897974014282227
1,735,9.90372371673584
1,736,9.885923385620117
1,737,9.904974937438965
1,738,9.867775917053223
1,739,9.888345718383789
1,740,9.921209335327148
1,741,9.893020629882812
1,742,9.899879455566406
1,743,9.834245681762695
1,744,9.87642765045166
1,745,9.90019416809082
1,746,9.883146286010742
1,747,9.875354766845703
1,748,9.914877891540527
1,749,9.904340744018555
1,750,9.904269218444824
1,751,9.861857414245605
1,752,9.873174667358398
1,753,9.890157699584961
1,754,9.891815185546875
1,755,9.911460876464844
1,756,9.871149063110352
1,757,9.887967109680176
1,758,9.868760108947754
1,759,9.890535354614258
1,760,9.91352653503418
1,761,9.910343170166016
1,762,9.904138565063477
1,763,9.899386405944824
1,764,9.899643898010254
1,765,9.894840240478516
1,766,9.869096755981445
1,767,9.866844177246094
1,768,9.872763633728027
1,769,9.855672836303711
1,770,9.836514472961426
1,771,9.859688758850098
1,772,9.891332626342773
1,773,9.892284393310547
1,774,9.833215713500977
1,775,9.829381942749023
1,776,9.875394821166992
1,777,9.893295288085938
1,778,9.845647811889648
1,779,9.839635848999023
1,780,9.873664855957031
1,781,9.86808967590332
1,782,9.888482093811035
1,783,9.866314888000488
1,784,9.861371994018555
1,785,9.89267349243164
1,786,9.88625717163086
1,787,9.879498481750488
1,788,9.825681686401367
1,789,9.865943908691406
1,790,9.862981796264648
1,791,9.876091003417969
1,792,9.884354591369629
1,793,9.86245346069336
1,794,9.857307434082031
1,795,9.903040885925293
1,796,9.869977951049805
1,797,9.867173194885254
1,798,9.891068458557129
1,799,9.828885078430176
1,800,9.827589988708496
1,801,9.861780166625977
1,802,9.864326477050781
1,803,9.836556434631348
1,804,9.877870559692383
1,805,9.891132354736328
1,806,9.878273010253906
1,807,9.869544982910156
1,808,9.847384452819824
1,809,9.843045234680176
1,810,9.864692687988281
1,811,9.751972198486328
1,812,9.865679740905762
1,813,9.85170841217041
1,814,9.86414909362793
1,815,9.846816062927246
1,816,9.841561317443848
1,817,9.872261047363281
1,818,9.835681915283203
1,819,9.810373306274414
1,820,9.851434707641602
1,821,9.87646484375
1,822,9.844464302062988
1,823,9.874452590942383
1,824,9.838273048400879
1,825,9.885824203491211
1,826,9.861949920654297
1,827,9.833916664123535
1,828,9.835613250732422
1,829,9.863213539123535
1,830,9.857099533081055
1,831,9.865964889526367
1,832,9.84616470336914
1,833,9.845876693725586
1,834,9.844621658325195
1,835,9.858259201049805
1,836,9.855400085449219
1,837,9.851102828979492
1,838,9.843213081359863
1,839,9.856250762939453
1,840,9.841516494750977
1,841,9.822762489318848
1,842,9.806623458862305
1,843,9.75914192199707
1,844,9.846439361572266
1,845,9.834980010986328
1,846,9.852258682250977
1,847,9.797224044799805
1,848,9.852834701538086
1,849,9.869516372680664
1,850,9.82465934753418
1,851,9.838475227355957
1,852,9.83694076538086
1,853,9.814634323120117
1,854,9.84100341796875
1,855,9.854438781738281
1,856,9.81191349029541
1,857,9.828654289245605
1,858,9.811442375183105
1,859,9.863428115844727
1,860,9.849871635437012
1,861,9.848868370056152
1,862,9.827672958374023
1,863,9.860472679138184
1,864,9.839812278747559
1,865,9.804468154907227
1,866,9.838708877563477
1,867,9.844018936157227
1,868,9.824234008789062
1,869,9.853328704833984
1,870,9.837903022766113
1,871,9.823511123657227
1,872,9.829400062561035
1,873,9.824583053588867
1,874,9.831531524658203
1,875,9.831975936889648
1,876,9.849101066589355
1,877,9.828876495361328
1,878,9.833240509033203
1,879,9.820646286010742
1,880,9.82960319519043
1,881,9.837146759033203
1,882,9.828495025634766
1,883,9.803199768066406
1,884,9.841447830200195
1,885,9.84230899810791
1,886,9.834451675415039
1,887,9.785551071166992
1,888,9.835670471191406
1,889,9.837081909179688
1,890,9.824563980102539
1,891,9.800376892089844
1,892,9.847631454467773
1,893,9.844529151916504
1,894,9.84083366394043
1,895,9.786540985107422
1,896,9.818185806274414
1,897,9.812166213989258
1,898,9.830876350402832
1,899,9.801952362060547
1,900,9.804773330688477
1,901,9.785660743713379
1,902,9.833335876464844
1,903,9.84058666229248
1,904,9.775703430175781
1,905,9.767974853515625
1,906,9.828912734985352
1,907,9.812990188598633
1,908,9.829198837280273
1,909,9.804695129394531
1,910,9.816324234008789
1,911,9.817106246948242
1,912,9.803465843200684
1,913,9.823518753051758
1,914,9.806780815124512
1,915,9.804370880126953
1,916,9.812811851501465
1,917,9.838735580444336
1,918,9.813440322875977
1,919,9.773326873779297
1,920,9.815108299255371
1,921,9.814205169677734
1,922,9.814146995544434
1,923,9.838465690612793
1,924,9.817771911621094
1,925,9.830375671386719
1,926,9.80925464630127
1,927,9.8172607421875
1,928,9.782062530517578
1,929,9.812822341918945
1,930,9.80925178527832
1,931,9.80134391784668
1,932,9.806848526000977
1,933,9.828636169433594
1,934,9.800383567810059
1,935,9.798563003540039
1,936,9.772544860839844
1,937,9.804075241088867
1,938,9.808954238891602
1,939,9.796035766601562
1,940,9.797815322875977
1,941,9.810468673706055
1,942,9.797940254211426
1,943,9.804460525512695
1,944,9.82040023803711
1,945,9.804618835449219
1,946,9.780640602111816
1,947,9.784252166748047
1,948,9.749605178833008
1,949,9.773372650146484
1,950,9.809494018554688
1,951,9.802993774414062
1,952,9.80057144165039
1,953,9.797794342041016
1,954,9.814931869506836
1,955,9.804692268371582
1,956,9.809904098510742
1,957,9.825277328491211
1,958,9.773714065551758
1,959,9.78896713256836
1,960,9.785099983215332
1,961,9.787137985229492
1,962,9.780672073364258
1,963,9.778255462646484
1,964,9.779740333557129
1,965,9.774799346923828
1,966,9.784916877746582
1,967,9.794971466064453
1,968,9.762598991394043
1,969,9.774618148803711
1,970,9.755488395690918
1,971,9.787620544433594
1,972,9.764333724975586
1,973,9.782394409179688
1,974,9.779220581054688
1,975,9.753993034362793
1,976,9.804664611816406
1,977,9.793830871582031
1,978,9.804056167602539
1,979,9.797469139099121
1,980,9.783341407775879
1,981,9.785469055175781
1,982,9.770559310913086
1,983,9.76945686340332
1,984,9.799003601074219
1,985,9.767610549926758
1,986,9.768736839294434
1,987,9.78175163269043
1,988,9.765239715576172
1,989,9.783370971679688
1,990,9.790507316589355
1,991,9.789609909057617
1,992,9.745478630065918
1,993,9.799674034118652
1,994,9.78195571899414
1,995,9.754191398620605
1,996,9.789911270141602
1,997,9.762104034423828
1,998,9.773788452148438
1,999,9.760866165161133
1,1000,9.790706634521484
1,1001,9.770307540893555
1,1002,9.795352935791016
1,1003,9.774113655090332
1,1004,9.74818229675293
1,1005,9.780306816101074
1,1006,9.77517318725586
1,1007,9.785867691040039
1,1008,9.759265899658203
1,1009,9.805475234985352
1,1010,9.766422271728516
1,1011,9.736286163330078
1,1012,9.774006843566895
1,1013,9.775602340698242
1,1014,9.738792419433594
1,1015,9.780721664428711
1,1016,9.756342887878418
1,1017,9.748262405395508
1,1018,9.756223678588867
1,1019,9.793478012084961
1,1020,9.770421981811523
1,1021,9.784391403198242
1,1022,9.760322570800781
1,1023,9.771995544433594
1,1024,9.721075057983398
1,1025,9.782678604125977
1,1026,9.750329971313477
1,1027,9.772686004638672
1,1028,9.704769134521484
1,1029,9.77013111114502
1,1030,9.792095184326172
1,1031,9.761100769042969
1,1032,9.776142120361328
1,1033,9.78541088104248
1,1034,9.737279891967773
1,1035,9.77420425415039
1,1036,9.776491165161133
1,1037,9.725189208984375
1,1038,9.722613334655762
1,1039,9.726192474365234
1,1040,9.748619079589844
1,1041,9.77972412109375
1,1042,9.78160285949707
1,1043,9.778610229492188
1,1044,9.771430015563965
1,1045,9.77604866027832
1,1046,9.753612518310547
1,1047,9.783172607421875
1,1048,9.752754211425781
1,1049,9.745519638061523
1,1050,9.717352867126465
1,1051,9.735787391662598
1,1052,9.766940116882324
1,1053,9.783977508544922
1,1054,9.758581161499023
1,1055,9.757355690002441
1,1056,9.766125679016113
1,1057,9.773750305175781
1,1058,9.778162002563477
1,1059,9.766828536987305
1,1060,9.741815567016602
1,1061,9.746253967285156
1,1062,9.767810821533203
1,1063,9.783670425415039
1,1064,9.766550064086914
1,1065,9.768559455871582
1,1066,9.764032363891602
1,1067,9.76005744934082
1,1068,9.712625503540039
1,1069,9.76858139038086
1,1070,9.74717903137207
1,1071,9.757953643798828
1,1072,9.774343490600586
1,1073,9.76120376586914
1,1074,9.73587703704834
1,1075,9.728921890258789
1,1076,9.758279800415039
1,1077,9.784448623657227
1,1078,9.72835636138916
1,1079,9.742237091064453
1,1080,9.744285583496094
1,1081,9.745445251464844
1,1082,9.74402141571045
1,1083,9.730220794677734
1,1084,9.752829551696777
1,1085,9.762646675109863
1,1086,9.738767623901367
1,1087,9.734320640563965
1,1088,9.763137817382812
1,1089,9.716499328613281
1,1090,9.736330032348633
1,1091,9.714414596557617
1,1092,9.729082107543945
1,1093,9.763525009155273
1,1094,9.734833717346191
1,1095,9.732317924499512
1,1096,9.719341278076172
1,1097,9.735088348388672
1,1098,9.727063179016113
1,1099,9.732048034667969
1,1100,9.767086029052734
1,1101,9.758138656616211
1,1102,9.747265815734863
1,1103,9.750864028930664
1,1104,9.766448974609375
1,1105,9.75881576538086
1,1106,9.754924774169922
1,1108,9.706581115722656
2,0,9.72969913482666
2,1,9.75790786743164
2,2,9.732026100158691
2,3,9.722196578979492
2,4,9.749123573303223
2,5,9.741109848022461
2,6,9.724761962890625
2,7,9.748920440673828
2,8,9.693109512329102
2,9,9.754566192626953
2,10,9.711015701293945
2,11,9.713523864746094
2,12,9.736128807067871
2,13,9.726097106933594
2,14,9.720221519470215
2,15,9.735128402709961
2,16,9.706267356872559
2,17,9.749350547790527
2,18,9.719951629638672
2,19,9.693475723266602
2,20,9.713753700256348
2,21,9.726045608520508
2,22,9.758281707763672
2,23,9.751091003417969
2,24,9.751188278198242
2,25,9.730905532836914
2,26,9.71290397644043
2,27,9.737638473510742
2,28,9.754484176635742
2,29,9.692829132080078
2,30,9.733295440673828
2,31,9.74559497833252
2,32,9.721661567687988
2,33,9.711112022399902
2,34,9.70237922668457
2,35,9.728133201599121
2,36,9.742576599121094
2,37,9.742854118347168
2,38,9.71550464630127
2,39,9.707368850708008
2,40,9.738748550415039
2,41,9.728837013244629
2,42,9.717198371887207
2,43,9.70791244506836
2,44,9.751382827758789
2,45,9.756023406982422
2,46,9.736854553222656
2,47,9.732521057128906
2,48,9.690460205078125
2,49,9.701398849487305
2,50,9.727956771850586
2,51,9.709373474121094
2,52,9.74798583984375
2,53,9.71919059753418
2,54,9.6959867477417
2,55,9.739995002746582
2,56,9.7200927734375
2,57,9.715536117553711
2,58,9.755987167358398
2,59,9.717153549194336
2,60,9.691946983337402
2,61,9.701692581176758
2,62,9.722466468811035
2,63,9.713773727416992
2,64,9.745478630065918
2,65,9.726831436157227
2,66,9.732406616210938
2,67,9.707918167114258
2,68,9.711256980895996
2,69,9.719093322753906
2,70,9.724435806274414
2,71,9.706157684326172
2,72,9.73018741607666
2,73,9.707252502441406
2,74,9.740335464477539
2,75,9.724020957946777
2,76,9.707427978515625
2,77,9.70849895477295
2,78,9.733589172363281
2,79,9.72709846496582
2,80,9.712339401245117
2,81,9.729331970214844
2,82,9.730100631713867
2,83,9.706876754760742
2,84,9.73189926147461
2,85,9.675498962402344
2,86,9.724536895751953
2,87,9.726428985595703
2,88,9.700065612792969
2,89,9.739984512329102
2,90,9.715770721435547
2,91,9.72481632232666
2,92,9.737564086914062
2,93,9.708284378051758
2,94,9.680326461791992
2,95,9.71339225769043
2,96,9.750406265258789
2,97,9.709649085998535
2,98,9.710488319396973
2,99,9.677905082702637
2,100,9.721405029296875
2,101,9.686881065368652
2,102,9.699711799621582
2,103,9.724295616149902
2,104,9.722790718078613
2,105,9.729177474975586
2,106,9.688751220703125
2,107,9.727116584777832
2,108,9.702133178710938
2,109,9.711670875549316
2,110,9.68712043762207
2,111,9.672563552856445
2,112,9.716180801391602
2,113,9.725920677185059
2,114,9.721370697021484
2,115,9.70215892791748
2,116,9.695448875427246
2,117,9.698247909545898
2,118,9.685884475708008
2,119,9.704123497009277
2,120,9.71519947052002
2,121,9.729757308959961
2,122,9.715112686157227
2,123,9.703197479248047
2,124,9.657327651977539
2,125,9.707826614379883
2,126,9.71885871887207
2,127,9.700139999389648
2,128,9.660043716430664
2,129,9.706779479980469
2,130,9.700273513793945
2,131,9.680286407470703
2,132,9.685397148132324
2,133,9.682195663452148
2,134,9.710771560668945
2,135,9.690778732299805
2,136,9.695352554321289
2,137,9.719890594482422
2,138,9.661648750305176
2,139,9.669599533081055
2,140,9.664779663085938
2,141,9.687494277954102
2,142,9.68441390991211
2,143,9.704672813415527
2,144,9.698408126831055
2,145,9.67170524597168
2,146,9.714301109313965
2,147,9.690357208251953
2,148,9.6925048828125
2,149,9.698188781738281
2,150,9.641095161437988
2,151,9.679312705993652
2,152,9.689481735229492
2,153,9.67245101928711
2,154,9.691388130187988
2,155,9.69729995727539
2,156,9.731822967529297
2,157,9.700668334960938
2,158,9.698698043823242
2,159,9.672972679138184
2,160,9.694923400878906
2,161,9.704126358032227
2,162,9.675760269165039
2,163,9.710733413696289
2,164,9.694183349609375
2,165,9.687273025512695
2,166,9.706557273864746
2,167,9.647285461425781
2,168,9.696455001831055
2,169,9.689791679382324
2,170,9.687320709228516
2,171,9.682722091674805
2,172,9.676740646362305
2,173,9.672003746032715
2,174,9.691516876220703
2,175,9.691349029541016
2,176,9.633122444152832
2,177,9.666072845458984
2,178,9.700552940368652
2,179,9.694252014160156
2,180,9.648533821105957
2,181,9.696545600891113
2,182,9.679936408996582
2,183,9.709238052368164
2,184,9.725363731384277
2,185,9.691330909729004
2,186,9.685445785522461
2,187,9.650880813598633
2,188,9.692628860473633
2,189,9.657320022583008
2,190,9.665616989135742
2,191,9.680079460144043
2,192,9.68430233001709
2,193,9.649147033691406
2,194,9.684782981872559
2,195,9.694795608520508
2,196,9.704854965209961
2,197,9.676544189453125
2,198,9.680906295776367
2,199,9.70244312286377
2,200,9.675705909729004
2,201,9.696117401123047
2,202,9.67776870727539
2,203,9.685507774353027
2,204,9.634220123291016
2,205,9.68244743347168
2,206,9.663899421691895
2,207,9.660377502441406
2,208,9.663057327270508
2,209,9.688824653625488
2,210,9.685615539550781
2,211,9.700834274291992
2,212,9.640957832336426
2,213,9.647253036499023
2,214,9.669644355773926
2,215,9.69213581085205
2,216,9.652265548706055
2,217,9.640706062316895
2,218,9.66070556640625
2,219,9.705190658569336
2,220,9.6495361328125
2,221,9.68931770324707
2,222,9.684649467468262
2,223,9.660648345947266
2,224,9.686169624328613
2,225,9.679566383361816
2,226,9.65536117553711
2,227,9.670368194580078
2,228,9.678023338317871
2,229,9.689413070678711
2,230,9.666861534118652
2,231,9.682029724121094
2,232,9.681473731994629
2,233,9.654682159423828
2,234,9.684564590454102
2,235,9.686902046203613
2,236,9.681488990783691
2,237,9.63424015045166
2,238,9.672759056091309
2,239,9.693870544433594
2,240,9.679821014404297
2,241,9.672159194946289
2,242,9.708845138549805
2,243,9.67243766784668
2,244,9.667280197143555
2,245,9.66146469116211
2,246,9.693009376525879
2,247,9.699955940246582
2,248,9.687291145324707
2,249,9.676374435424805
2,250,9.683082580566406
2,251,9.653155326843262
2,252,9.688666343688965
2,253,9.691168785095215
2,254,9.696221351623535
2,255,9.653116226196289
2,256,9.691267013549805
2,257,9.679285049438477
2,258,9.686535835266113
2,259,9.645877838134766
2,260,9.650541305541992
2,261,9.687105178833008
2,262,9.639760971069336
2,263,9.689770698547363
2,264,9.674028396606445
2,265,9.64811897277832
2,266,9.662540435791016
2,267,9.648244857788086
2,268,9.649849891662598
2,269,9.67253303527832
2,270,9.657968521118164
2,271,9.694744110107422
2,272,9.662242889404297
2,273,9.68600845336914
2,274,9.656403541564941
2,275,9.654426574707031
2,276,9.649487495422363
2,277,9.67398738861084
2,278,9.635220527648926
2,279,9.677223205566406
2,280,9.689253807067871
2,281,9.671037673950195
2,282,9.653518676757812
2,283,9.67374324798584
2,284,9.677133560180664
2,285,9.638411521911621
2,286,9.651172637939453
2,287,9.689318656921387
2,288,9.673443794250488
2,289,9.648897171020508
2,290,9.683731079101562
2,291,9.642786026000977
2,292,9.650310516357422
2,293,9.661974906921387
2,294,9.670514106750488
2,295,9.672069549560547
2,296,9.676612854003906
2,297,9.67249870300293
2,298,9.675032615661621
2,299,9.674957275390625
2,300,9.656478881835938
2,301,9.671091079711914
2,302,9.659836769104004
2,303,9.66415786743164
2,304,9.659194946289062
2,305,9.635631561279297
2,306,9.678046226501465
2,307,9.643671035766602
2,308,9.66842269897461
2,309,9.608512878417969
2,310,9.64250373840332
2,311,9.648492813110352
2,312,9.63111686706543
2,313,9.654963493347168
2,314,9.670356750488281
2,315,9.661274909973145
2,316,9.667861938476562
2,317,9.644499778747559
2,318,9.671833038330078
2,319,9.622564315795898
2,320,9.658754348754883
2,321,9.648021697998047
2,322,9.645964622497559
2,323,9.6503324508667
2,324,9.656028747558594
2,325,9.670063018798828
2,326,9.665151596069336
2,327,9.66268539428711
2,328,9.645769119262695
2,329,9.664206504821777
2,330,9.66867733001709
2,331,9.680246353149414
2,332,9.646402359008789
2,333,9.658920288085938
2,334,9.66162395477295
2,335,9.646882057189941
2,336,9.67730712890625
2,337,9.652565002441406
2,338,9.643362045288086
2,339,9.677087783813477
2,340,9.67061710357666
2,341,9.649770736694336
2,342,9.611937522888184
2,343,9.678711891174316
2,344,9.641368865966797
2,345,9.643742561340332
2,346,9.66691780090332
2,347,9.656938552856445
2,348,9.674482345581055
2,349,9.679649353027344
2,350,9.639769554138184
2,351,9.59992790222168
2,352,9.640844345092773
2,353,9.638871192932129
2,354,9.641901016235352
2,355,9.675593376159668
2,356,9.628634452819824
2,357,9.663535118103027
2,358,9.607686996459961
2,359,9.676025390625
2,360,9.674595832824707
2,361,9.678825378417969
2,362,9.646797180175781
2,363,9.640314102172852
2,364,9.645223617553711
2,365,9.657926559448242
2,366,9.66455364227295
2,367,9.66193962097168
2,368,9.650949478149414
2,369,9.640270233154297
2,370,9.68636703491211
2,371,9.64244556427002
2,372,9.656623840332031
2,373,9.633360862731934
2,374,9.627134323120117
2,375,9.66836166381836
2,376,9.637044906616211
2,377,9.660284042358398
2,378,9.663627624511719
2,379,9.662094116210938
2,380,9.654802322387695
2,381,9.647624015808105
2,382,9.660053253173828
2,383,9.607795715332031
2,384,9.62220573425293
2,385,9.638113021850586
2,386,9.635553359985352
2,387,9.64742374420166
2,388,9.660717964172363
2,389,9.642478942871094
2,390,9.671243667602539
2,391,9.630046844482422
2,392,9.633581161499023
2,393,9.618698120117188
2,394,9.642793655395508
2,395,9.629012107849121
2,396,9.650411605834961
2,397,9.6285400390625
2,398,9.633636474609375
2,399,9.625433921813965
2,400,9.624914169311523
2,401,9.656102180480957
2,402,9.641568183898926
2,403,9.644084930419922
2,404,9.67419719696045
2,405,9.661675453186035
2,406,9.628904342651367
2,407,9.666278839111328
2,408,9.643404006958008
2,409,9.621562957763672
2,410,9.649553298950195
2,411,9.633962631225586
2,412,9.627777099609375
2,413,9.66396713256836
2,414,9.644474029541016
2,415,9.621896743774414
2,416,9.656967163085938
2,417,9.636892318725586
2,418,9.64419937133789
2,419,9.620994567871094
2,420,9.651924133300781
2,421,9.60584831237793
2,422,9.671653747558594
2,423,9.60517692565918
2,424,9.614701271057129
2,425,9.63840103149414
2,426,9.640316009521484
2,427,9.673826217651367
2,428,9.638587951660156
2,429,9.653114318847656
2,430,9.61599063873291
2,431,9.650856018066406
2,432,9.651409149169922
2,433,9.656002044677734
2,434,9.665006637573242
2,435,9.620043754577637
2,436,9.64830493927002
2,437,9.645293235778809
2,438,9.6577730178833
2,439,9.628515243530273
2,440,9.638042449951172
2,441,9.656881332397461
2,442,9.608736991882324
2,443,9.6404447555542
2,444,9.657354354858398
2,445,9.636002540588379
2,446,9.613412857055664
2,447,9.647012710571289
2,448,9.657646179199219
2,449,9.638986587524414
2,450,9.659408569335938
2,451,9.631711959838867
2,452,9.64801025390625
2,453,9.64487361907959
2,454,9.626884460449219
2,455,9.590370178222656
2,456,9.62074089050293
2,457,9.616474151611328
2,458,9.62173080444336
2,459,9.621002197265625
2,460,9.638429641723633
2,461,9.616800308227539
2,462,9.643752098083496
2,463,9.582629203796387
2,464,9.649277687072754
2,465,9.655750274658203
2,466,9.669178009033203
2,467,9.655157089233398
2,468,9.623666763305664
2,469,9.657693862915039
2,470,9.6676607131958
2,471,9.643457412719727
2,472,9.643366813659668
2,473,9.60685920715332
2,474,9.658403396606445
2,475,9.64482307434082
2,476,9.625499725341797
2,477,9.632617950439453
2,478,9.630459785461426
2,479,9.63907241821289
2,480,9.638599395751953
2,481,9.623451232910156
2,482,9.614773750305176
2,483,9.650287628173828
2,484,9.615028381347656
2,485,9.626726150512695
2,486,9.627145767211914
2,487,9.617777824401855
2,488,9.6237211227417
2,489,9.582324981689453
2,490,9.634075164794922
2,491,9.629487991333008
2,492,9.600530624389648
2,493,9.624431610107422
2,494,9.651527404785156
2,495,9.628622055053711
2,496,9.656734466552734
2,497,9.648115158081055
2,498,9.625340461730957
2,499,9.63458251953125
2,500,9.628128051757812
2,501,9.615472793579102
2,502,9.640619277954102
2,503,9.627951622009277
2,504,9.626662254333496
2,505,9.614355087280273
2,506,9.62226390838623
2,507,9.613740921020508
2,508,9.628170013427734
2,509,9.631319046020508
2,510,9.649245262145996
2,511,9.631715774536133
2,512,9.636361122131348
2,513,9.616524696350098
2,514,9.637483596801758
2,515,9.631155014038086
2,516,9.6161527633667
2,517,9.636358261108398
2,518,9.633843421936035
2,519,9.638945579528809
2,520,9.597049713134766
2,521,9.596452713012695
2,522,9.634143829345703
2,523,9.616310119628906
2,524,9.610347747802734
2,525,9.652912139892578
2,526,9.650278091430664
2,527,9.622840881347656
2,528,9.626309394836426
2,529,9.642141342163086
2,530,9.624517440795898
2,531,9.647512435913086
2,532,9.633127212524414
2,533,9.631330490112305
2,534,9.61709213256836
2,535,9.643646240234375
2,536,9.633153915405273
2,537,9.62501335144043
2,538,9.643407821655273
2,539,9.617959976196289
2,540,9.633417129516602
2,541,9.624571800231934
2,542,9.637187004089355
2,543,9.6387939453125
2,544,9.648393630981445
2,545,9.605796813964844
2,546,9.592619895935059
2,547,9.636161804199219
2,548,9.632312774658203
2,549,9.60109806060791
2,550,9.628034591674805
2,551,9.63752269744873
2,552,9.622674942016602
2,553,9.598077774047852
2,554,9.610885620117188
2,555,9.617979049682617
2,556,9.653428077697754
2,557,9.566976547241211
2,558,9.610908508300781
2,559,9.62127685546875
2,560,9.575077056884766
2,561,9.606592178344727
2,562,9.615217208862305
2,563,9.601238250732422
2,564,9.628923416137695
2,565,9.588045120239258
2,566,9.608787536621094
2,567,9.636505126953125
2,568,9.618284225463867
2,569,9.612001419067383
2,570,9.631500244140625
2,571,9.6280517578125
2,572,9.615123748779297
2,573,9.63283634185791
2,574,9.606354713439941
2,575,9.627960205078125
2,576,9.600284576416016
2,577,9.62187385559082
2,578,9.64411735534668
2,579,9.613595008850098
2,580,9.638896942138672
2,581,9.590959548950195
2,582,9.601027488708496
2,583,9.615848541259766
2,584,9.60759162902832
2,585,9.63817024230957
2,586,9.602662086486816
2,587,9.60531234741211
2,588,9.642377853393555
2,589,9.600017547607422
2,590,9.625329971313477
2,591,9.611307144165039
2,592,9.620692253112793
2,593,9.642982482910156
2,594,9.640157699584961
2,595,9.591251373291016
2,596,9.608543395996094
2,597,9.616652488708496
2,598,9.616243362426758
2,599,9.64152717590332
2,600,9.610945701599121
2,601,9.62748908996582
2,602,9.61020565032959
2,603,9.581426620483398
2,604,9.621088027954102
2,605,9.5825777053833
2,606,9.62301254272461
2,607,9.621044158935547
2,608,9.639055252075195
2,609,9.628243446350098
2,610,9.591022491455078
2,611,9.62179183959961
2,612,9.623231887817383
2,613,9.643012046813965
2,614,9.582906723022461
2,615,9.59074878692627
2,616,9.610254287719727
2,617,9.604633331298828
2,618,9.639249801635742
2,619,9.584126472473145
2,620,9.570659637451172
2,621,9.607659339904785
2,622,9.577874183654785
2,623,9.61644458770752
2,624,9.628448486328125
2,625,9.654668807983398
2,626,9.618228912353516
2,627,9.59942626953125
2,628,9.622285842895508
2,629,9.63014030456543
2,630,9.619163513183594
2,631,9.60546875
2,632,9.60009479522705
2,633,9.613199234008789
2,634,9.60902214050293
2,635,9.659278869628906
2,636,9.62734603881836
2,637,9.632925033569336
2,638,9.636445999145508
2,639,9.590456008911133
2,640,9.633085250854492
2,641,9.605291366577148
2,642,9.636693000793457
2,643,9.600269317626953
2,644,9.581734657287598
2,645,9.578757286071777
2,646,9.61195182800293
2,647,9.640397071838379
2,648,9.605074882507324
2,649,9.64435863494873
2,650,9.612785339355469
2,651,9.567838668823242
2,652,9.615192413330078
2,653,9.625138282775879
2,654,9.640447616577148
2,655,9.60693645477295
2,656,9.628728866577148
2,657,9.629255294799805
2,658,9.593194007873535
2,659,9.613993644714355
2,660,9.568284034729004
2,661,9.610832214355469
2,662,9.624818801879883
2,663,9.610682487487793
2,664,9.595234870910645
2,665,9.62559986114502
2,666,9.624883651733398
2,667,9.610576629638672
2,668,9.626815795898438
2,669,9.581551551818848
2,670,9.600205421447754
2,671,9.625505447387695
2,672,9.577457427978516
2,673,9.625434875488281
2,674,9.582365036010742
2,675,9.645225524902344
2,676,9.625535011291504
2,677,9.636833190917969
2,678,9.635513305664062
2,679,9.633575439453125
2,680,9.596389770507812
2,681,9.621822357177734
2,682,9.619327545166016
2,683,9.600114822387695
2,684,9.581567764282227
2,685,9.601134300231934
2,686,9.621902465820312
2,687,9.602814674377441
2,688,9.613178253173828
2,689,9.611688613891602
2,690,9.618721008300781
2,691,9.622133255004883
2,692,9.632597923278809
2,693,9.6505126953125
2,694,9.610610961914062
2,695,9.615594863891602
2,696,9.594789505004883
2,697,9.594483375549316
2,698,9.601799011230469
2,699,9.581718444824219
2,700,9.598626136779785
2,701,9.613463401794434
2,702,9.606466293334961
2,703,9.622516632080078
2,704,9.60770034790039
2,705,9.630317687988281
2,706,9.624252319335938
2,707,9.605039596557617
2,708,9.592214584350586
2,709,9.611106872558594
2,710,9.59626579284668
2,711,9.540306091308594
2,712,9.624377250671387
2,713,9.62630844116211
2,714,9.595386505126953
2,715,9.626527786254883
2,716,9.590174674987793
2,717,9.638853073120117
2,718,9.622591018676758
2,719,9.589000701904297
2,720,9.64634895324707
2,721,9.61773681640625
2,722,9.552316665649414
2,723,9.590951919555664
2,724,9.59941577911377
2,725,9.626484870910645
2,726,9.598945617675781
2,727,9.603691101074219
2,728,9.590536117553711
2,729,9.606799125671387
2,730,9.614120483398438
2,731,9.584417343139648
2,732,9.602874755859375
2,733,9.592204093933105
2,734,9.618976593017578
2,735,9.630441665649414
2,736,9.612417221069336
2,737,9.58600902557373
2,738,9.583836555480957
2,739,9.58041000366211
2,740,9.578072547912598
2,741,9.57590103149414
2,742,9.571155548095703
2,743,9.639256477355957
2,744,9.647899627685547
2,745,9.592023849487305
2,746,9.574061393737793
2,747,9.62781047821045
2,748,9.61624526977539
2,749,9.589300155639648
2,750,9.61091136932373
2,751,9.604936599731445
2,752,9.60195541381836
2,753,9.60014533996582
2,754,9.606746673583984
2,755,9.610464096069336
2,756,9.563480377197266
2,757,9.645888328552246
2,758,9.591975212097168
2,759,9.586355209350586
2,760,9.629993438720703
2,761,9.598651885986328
2,762,9.612771987915039
2,763,9.591726303100586
2,764,9.607601165771484
2,765,9.591714859008789
2,766,9.607901573181152
2,767,9.615053176879883
2,768,9.598121643066406
2,769,9.6079683303833
2,770,9.635625839233398
2,771,9.621023178100586
2,772,9.594076156616211
2,773,9.553646087646484
2,774,9.600314140319824
2,775,9.604900360107422
2,776,9.571346282958984
2,777,9.620800018310547
2,778,9.58955192565918
2,779,9.617197036743164
2,780,9.61842155456543
2,781,9.596223831176758
2,782,9.599197387695312
2,783,9.614362716674805
2,784,9.630636215209961
2,785,9.597976684570312
2,786,9.594683647155762
2,787,9.587860107421875
2,788,9.585798263549805
2,789,9.616584777832031
2,790,9.587789535522461
2,791,9.605389595031738
2,792,9.593966484069824
2,793,9.598325729370117
2,794,9.571876525878906
2,795,9.584224700927734
2,796,9.60416030883789
2,797,9.57568359375
2,798,9.606096267700195
2,799,9.624425888061523
2,800,9.577653884887695
2,801,9.579209327697754
2,802,9.616142272949219
2,803,9.553609848022461
2,804,9.613142013549805
2,805,9.600225448608398
2,806,9.600300788879395
2,807,9.600515365600586
2,808,9.613184928894043
2,809,9.595499038696289
2,810,9.618230819702148
2,811,9.566241264343262
2,812,9.59017276763916
2,813,9.593854904174805
2,814,9.601385116577148
2,815,9.59361743927002
2,816,9.6163911819458
2,817,9.60112190246582
2,818,9.62135124206543
2,819,9.597926139831543
2,820,9.575983047485352
2,821,9.594015121459961
2,822,9.625253677368164
2,823,9.571288108825684
2,824,9.623369216918945
2,825,9.6064453125
2,826,9.61251449584961
2,827,9.619364738464355
2,828,9.608542442321777
2,829,9.617992401123047
2,830,9.609601020812988
2,831,9.615608215332031
2,832,9.604757308959961
2,833,9.584174156188965
2,834,9.557291030883789
2,835,9.615921020507812
2,836,9.595598220825195
2,837,9.603985786437988
2,838,9.627878189086914
2,839,9.616323471069336
2,840,9.59896183013916
2,841,9.597055435180664
2,842,9.608911514282227
2,843,9.603143692016602
2,844,9.60476303100586
2,845,9.606197357177734
2,846,9.58008861541748
2,847,9.625494003295898
2,848,9.604857444763184
2,849,9.596742630004883
2,850,9.6145658493042
2,851,9.627107620239258
2,852,9.580219268798828
2,853,9.622299194335938
2,854,9.551538467407227
2,855,9.603704452514648
2,856,9.582674026489258
2,857,9.567594528198242
2,858,9.579174041748047
2,859,9.613775253295898
2,860,9.622917175292969
2,861,9.610634803771973
2,862,9.604063987731934
2,863,9.622062683105469
2,864,9.608261108398438
2,865,9.617889404296875
2,866,9.564240455627441
2,867,9.620901107788086
2,868,9.623441696166992
2,869,9.585413932800293
2,870,9.609965324401855
2,871,9.584603309631348
2,872,9.579139709472656
2,873,9.565193176269531
2,874,9.634886741638184
2,875,9.617843627929688
2,876,9.604461669921875
2,877,9.63963508605957
2,878,9.638096809387207
2,879,9.599237442016602
2,880,9.631498336791992
2,881,9.588960647583008
2,882,9.618234634399414
2,883,9.600567817687988
2,884,9.599215507507324
2,885,9.611985206604004
2,886,9.597940444946289
2,887,9.5889892578125
2,888,9.565555572509766
2,889,9.609040260314941
2,890,9.563335418701172
2,891,9.615235328674316
2,892,9.619222640991211
2,893,9.592665672302246
2,894,9.603717803955078
2,895,9.58142375946045
2,896,9.603694915771484
2,897,9.591221809387207
2,898,9.587538719177246
2,899,9.556608200073242
2,900,9.611513137817383
2,901,9.572078704833984
2,902,9.615428924560547
2,903,9.55267333984375
2,904,9.570497512817383
2,905,9.622824668884277
2,906,9.596792221069336
2,907,9.557262420654297
2,908,9.583338737487793
2,909,9.588434219360352
2,910,9.620859146118164
2,911,9.598855972290039
2,912,9.571385383605957
2,913,9.611490249633789
2,914,9.60582160949707
2,915,9.580232620239258
2,916,9.562634468078613
2,917,9.601310729980469
2,918,9.59527587890625
2,919,9.551473617553711
2,920,9.601417541503906
2,921,9.603004455566406
2,922,9.60165023803711
2,923,9.58023452758789
2,924,9.61058521270752
2,925,9.574647903442383
2,926,9.62495231628418
2,927,9.593765258789062
2,928,9.615405082702637
2,929,9.581640243530273
2,930,9.62147331237793
2,931,9.598981857299805
2,932,9.603140830993652
2,933,9.58546257019043
2,934,9.607500076293945
2,935,9.585841178894043
2,936,9.587767601013184
2,937,9.577808380126953
2,938,9.58641529083252
2,939,9.567525863647461
2,940,9.601471900939941
2,941,9.57938289642334
2,942,9.584845542907715
2,943,9.589398384094238
2,944,9.583466529846191
2,945,9.581524848937988
2,946,9.596965789794922
2,947,9.604070663452148
2,948,9.583584785461426
2,949,9.581218719482422
2,950,9.564713478088379
2,951,9.583230972290039
2,952,9.606197357177734
2,953,9.606334686279297
2,954,9.597900390625
2,955,9.62629222869873
2,956,9.589266777038574
2,957,9.589399337768555
2,958,9.621252059936523
2,959,9.612203598022461
2,960,9.613348007202148
2,961,9.592557907104492
2,962,9.560853958129883
2,963,9.580984115600586
2,964,9.622438430786133
2,965,9.61800765991211
2,966,9.606542587280273
2,967,9.538677215576172
2,968,9.598901748657227
2,969,9.592857360839844
2,970,9.596259117126465
2,971,9.625223159790039
2,972,9.590210914611816
2,973,9.572394371032715
2,974,9.618156433105469
2,975,9.55508041381836
2,976,9.60570240020752
2,977,9.573755264282227
2,978,9.6036376953125
2,979,9.600061416625977
2,980,9.594829559326172
2,981,9.592931747436523
2,982,9.556447982788086
2,983,9.598466873168945
2,984,9.59288215637207
2,985,9.583393096923828
2,986,9.594917297363281
2,987,9.59982681274414
2,988,9.507136344909668
2,989,9.56396484375
2,990,9.594085693359375
2,991,9.597177505493164
2,992,9.578298568725586
2,993,9.535493850708008
2,994,9.603116989135742
2,995,9.547929763793945
2,996,9.585392951965332
2,997,9.572820663452148
2,998,9.584273338317871
2,999,9.578310012817383
2,1000,9.57816219329834
2,1001,9.585466384887695
2,1002,9.599615097045898
2,1003,9.61755657196045
2,1004,9.592840194702148
2,1005,9.6145601272583
2,1006,9.575651168823242
2,1007,9.610700607299805
2,1008,9.598176956176758
2,1009,9.580141067504883
2,1010,9.610339164733887
2,1011,9.625570297241211
2,1012,9.596113204956055
2,1013,9.595542907714844
2,1014,9.587203979492188
2,1015,9.54694938659668
2,1016,9.604863166809082
2,1017,9.575361251831055
2,1018,9.597830772399902
2,1019,9.577260971069336
2,1020,9.61612319946289
2,1021,9.61063003540039
2,1022,9.57018756866455
2,1023,9.591423034667969
2,1024,9.574939727783203
2,1025,9.598812103271484
2,1026,9.60470199584961
2,1027,9.588140487670898
2,1028,9.594860076904297
2,1029,9.581012725830078
2,1030,9.587448120117188
2,1031,9.589564323425293
2,1032,9.566503524780273
2,1033,9.618242263793945
2,1034,9.577807426452637
2,1035,9.596951484680176
2,1036,9.552164077758789
2,1037,9.600560188293457
2,1038,9.616917610168457
2,1039,9.596233367919922
2,1040,9.611412048339844
2,1041,9.604190826416016
2,1042,9.615398406982422
2,1043,9.553940773010254
2,1044,9.586600303649902
2,1045,9.564945220947266
2,1046,9.590178489685059
2,1047,9.59095573425293
2,1048,9.587623596191406
2,1049,9.613950729370117
2,1050,9.616395950317383
2,1051,9.58941650390625
2,1052,9.561738967895508
2,1053,9.60595703125
2,1054,9.569805145263672
2,1055,9.589946746826172
2,1056,9.594878196716309
2,1057,9.57280158996582
2,1058,9.602815628051758
2,1059,9.606413841247559
2,1060,9.60420036315918
2,1061,9.56286334991455
2,1062,9.583245277404785
2,1063,9.574716567993164
2,1064,9.598652839660645
2,1065,9.603902816772461
2,1066,9.58827018737793
2,1067,9.577779769897461
2,1068,9.572578430175781
2,1069,9.56699275970459
2,1070,9.608924865722656
2,1071,9.577139854431152
2,1072,9.58382797241211
2,1073,9.570045471191406
2,1074,9.580876350402832
2,1075,9.576797485351562
2,1076,9.584453582763672
2,1077,9.625858306884766
2,1078,9.59596061706543
2,1079,9.59005069732666
2,1080,9.608419418334961
2,1081,9.580958366394043
2,1082,9.580570220947266
2,1083,9.60706615447998
2,1084,9.608280181884766
2,1085,9.607101440429688
2,1086,9.59244441986084
2,1087,9.591472625732422
2,1088,9.592451095581055
2,1089,9.602575302124023
2,1090,9.599204063415527
2,1091,9.547658920288086
2,1092,9.574775695800781
2,1093,9.583150863647461
2,1094,9.567293167114258
2,1095,9.57679557800293
2,1096,9.593053817749023
2,1097,9.568113327026367
2,1098,9.572959899902344
2,1099,9.614350318908691
2,1100,9.581960678100586
2,1101,9.596433639526367
2,1102,9.562572479248047
2,1103,9.607921600341797
2,1104,9.57050895690918
2,1105,9.542659759521484
2,1106,9.549193382263184
2,1108,9.55388355255127
